{
  "game": "minecraft",
  "formatVersion": 1,
  "versionId": "1.0.2",
  "name": "Photon",
  "summary": "",
  "files": [
    {
      "path": "mods/lithium-fabric-0.14.7+mc1.21.1.jar",
      "hashes": {
        "sha1": "a3eefce7079418f6cbe6d2764ed1f19849ae8cef",
        "sha512": "fe4b0d451ee40db68986395f205e38b9c6c8ea1c01c67bb65c166adf91945266a374b449f85d41741730d5957bce17e2f396affc04f38f50a6d9562143565053"
      },
      "env": {
        "client": "required",
        "server": "required"
      },
      "downloads": [
        "https://cdn.modrinth.com/data/gvQqBUqZ/versions/NHA11tBg/lithium-fabric-0.14.7%2Bmc1.21.1.jar"
      ],
      "fileSize": 749270
    },
    {
      "path": "mods/enhancedblockentities-0.10.2+1.21.jar",
      "hashes": {
        "sha1": "d81359d77fc7c5437f3e83e519dc2f869300f0cd",
        "sha512": "60e01db603fcf1392c0cd5c3ce742e568f7d445d83fe60828b21f546e7d29fb6947231f22d28e29b07f4bdcb767b6dc2a2398b4decea665ecba1166690a44d49"
      },
      "env": {
        "server": "required",
        "client": "required"
      },
      "downloads": [
        "https://cdn.modrinth.com/data/OVuFYfre/versions/HBZAPs3u/enhancedblockentities-0.10.2%2B1.21.jar"
      ],
      "fileSize": 201157
    },
    {
      "path": "mods/moreculling-fabric-1.21.1-1.0.4.jar",
      "hashes": {
        "sha1": "14a208ac26ad6cf4005871fbc687e2a8913c67d6",
        "sha512": "64a76c724af4c1c70d6034b09f394826d408c79f35b00861aa455a83021ddae3afdf952d65ab639666bd4d6fea6180207e2a3dab01f035e3475dee7692be4d33"
      },
      "env": {
        "client": "required",
        "server": "required"
      },
      "downloads": [
        "https://cdn.modrinth.com/data/51shyZVL/versions/ZfHcTTZR/moreculling-fabric-1.21.1-1.0.4.jar"
      ],
      "fileSize": 344762
    },
    {
      "path": "mods/entityculling-fabric-1.7.2-mc1.21.jar",
      "hashes": {
        "sha512": "b92426d38cd1e21e5064cb773a40d4c02130a80e16266dd77711965b30d3ffeaa5d73f8e989214e2a160a2181de6d71ed2e7723b387f3d6b10ca746bea0638d9",
        "sha1": "9e2a99e7dd4772492a62acc62174baa56e581af8"
      },
      "env": {
        "client": "required",
        "server": "required"
      },
      "downloads": [
        "https://cdn.modrinth.com/data/NNAgCjsB/versions/MQuJQtw8/entityculling-fabric-1.7.2-mc1.21.jar"
      ],
      "fileSize": 67575
    },
    {
      "path": "mods/c2me-fabric-mc1.21.1-0.3.0+alpha.0.315.jar",
      "hashes": {
        "sha1": "13c363e7ff44b414aa60193af92ecb363d3e5858",
        "sha512": "aa9e27aa55a4eb82bfc5beb8e95a172efbce2cd772bef09d782a28b5407ac7f9530dcbd4972cbd7ea86d174b2f821cec5080c081972d4d98e9c93595130b0258"
      },
      "env": {
        "server": "required",
        "client": "required"
      },
      "downloads": [
        "https://cdn.modrinth.com/data/VSNURh3q/versions/JolPspyA/c2me-fabric-mc1.21.1-0.3.0%2Balpha.0.315.jar"
      ],
      "fileSize": 4664347
    },
    {
      "path": "mods/sodium-fabric-0.6.7+mc1.21.1.jar",
      "hashes": {
        "sha1": "48287c010aa75817b23334ef964c30d37a90f2e0",
        "sha512": "14158717891d458927bc7c04ac9fd425efc4b2dcc24c6388351ee4872c9aacbcaf2de2952704e70553f08f0c05a4e19c7ddbe3f86f0961842e96423e65666b4f"
      },
      "env": {
        "server": "required",
        "client": "required"
      },
      "downloads": [
        "https://cdn.modrinth.com/data/AANobbMI/versions/AxSdcDcP/sodium-fabric-0.6.7%2Bmc1.21.1.jar"
      ],
      "fileSize": 1293429
    },
    {
      "path": "mods/ferritecore-7.0.2-hotfix-fabric.jar",
      "hashes": {
        "sha1": "48ee764932d0c8ec81a2223dbe333886938e512c",
        "sha512": "ca975bd3708cd96d30cf1447ac8883572113562eb2dd697e60c1cf382d6b70d0b1a511fcbfd042c51b2cf5d5ffc718b847f845e4c8a3e421e8c9ee741119a421"
      },
      "env": {
        "client": "required",
        "server": "required"
      },
      "downloads": [
        "https://cdn.modrinth.com/data/uXXizFIs/versions/bwKMSBhn/ferritecore-7.0.2-hotfix-fabric.jar"
      ],
      "fileSize": 120709
    },
    {
      "path": "mods/fabric-api-0.115.0+1.21.1.jar",
      "hashes": {
        "sha1": "41594bd81f1e60e364f76b2e2bfca10cfdcf91bd",
        "sha512": "e5f3c3431b96b281300dd118ee523379ff6a774c0e864eab8d159af32e5425c915f8664b1cd576f20275e8baf995e016c5971fea7478c8cb0433a83663f2aea8"
      },
      "env": {
        "server": "required",
        "client": "required"
      },
      "downloads": [
        "https://cdn.modrinth.com/data/P7dR8mSH/versions/9YVrKY0Z/fabric-api-0.115.0%2B1.21.1.jar"
      ],
      "fileSize": 2385171
    },
    {
      "path": "mods/modernfix-fabric-5.20.2+mc1.21.1.jar",
      "hashes": {
        "sha1": "34f1cec6b5be986dac19db957d64f977489cad82",
        "sha512": "1ed6f19b08198d07b6a45a3fe6aaee01f420e70bc73c8cafd1be46ccea97584f407005395eb787b0c4a90e5d9ed9581938d9b335369468d1b05e935d7792e15a"
      },
      "env": {
        "client": "required",
        "server": "required"
      },
      "downloads": [
        "https://cdn.modrinth.com/data/nmDcB62a/versions/tn4FFqcg/modernfix-fabric-5.20.2%2Bmc1.21.1.jar"
      ],
      "fileSize": 435763
    },
    {
      "path": "mods/cloth-config-15.0.140-fabric.jar",
      "hashes": {
        "sha512": "1b3f5db4fc1d481704053db9837d530919374bf7518d7cede607360f0348c04fc6347a3a72ccfef355559e1f4aef0b650cd58e5ee79c73b12ff0fc2746797a00",
        "sha1": "5d82342a2df53fd6df712bfdd583a811572918a4"
      },
      "env": {
        "client": "required",
        "server": "required"
      },
      "downloads": [
        "https://cdn.modrinth.com/data/9s6osm5g/versions/HpMb5wGb/cloth-config-15.0.140-fabric.jar"
      ],
      "fileSize": 1157166
    },
    {
      "path": "mods/BadOptimizations-2.2.1-1.21.1.jar",
      "hashes": {
        "sha512": "64e00f2fc02b2dc28634c9f19565645941a5254cc75b94d292383adb728ac2280d1bc051a4de3e1738f44542ce65b41eb0fe96f6cebb4c0e6ab92f9ba7af6b88",
        "sha1": "888488898628016d421bc6b4fe2ae998aba2b522"
      },
      "env": {
        "client": "required",
        "server": "required"
      },
      "downloads": [
        "https://cdn.modrinth.com/data/g96Z4WVZ/versions/gTsJRSdq/BadOptimizations-2.2.1-1.21.1.jar"
      ],
      "fileSize": 110755
    },
    {
      "path": "mods/noisium-fabric-2.3.0+mc1.21-1.21.1.jar",
      "hashes": {
        "sha1": "642a672cfc60ff1e1262a39d7e160b1381c5120c",
        "sha512": "606ba78cf7f30d99e417c96aa042f600c1b626ed9c783919496d139de650013f1434fcf93545782e3889660322837ce6e85530d9e1a5cc20f9ad161357ede43e"
      },
      "env": {
        "client": "required",
        "server": "required"
      },
      "downloads": [
        "https://cdn.modrinth.com/data/KuNKN7d2/versions/4sGQgiu2/noisium-fabric-2.3.0%2Bmc1.21-1.21.1.jar"
      ],
      "fileSize": 216183
    },
    {
      "path": "mods/ImmediatelyFast-Fabric-1.3.4+1.21.1.jar",
      "hashes": {
        "sha1": "7dbbf2044b216afdace29a1db5e2ce2e3bf0257c",
        "sha512": "0a60b687307b38e657fd6ba41c9bdb20bd89885ff465d825fd5101f537b2f55053ff7fea62adee6f9bf1b9810c855c95795f51076c23ff55add5a7b1509dbfa9"
      },
      "env": {
        "server": "required",
        "client": "required"
      },
      "downloads": [
        "https://cdn.modrinth.com/data/5ZwdcRci/versions/UiT2QR9Q/ImmediatelyFast-Fabric-1.3.4%2B1.21.1.jar"
      ],
      "fileSize": 241734
    }
  ],
  "dependencies": {
    "fabric-loader": "0.16.10",
    "minecraft": "1.21.1"
  }
}