{
  "game": "minecraft",
  "formatVersion": 1,
  "versionId": "1.0.8",
  "name": "Photon",
  "summary": "",
  "files": [
    {
      "path": "mods/ImmediatelyFast-NeoForge-1.8.0+1.21.4.jar",
      "hashes": {
        "sha512": "a3d21bf1376a962812cc24d51d44211f4779e782babd50fb194974ebf7fe21b45d91916510bc33c2e3adad42662439248495bb39fba3e728b32f4074edeedd92",
        "sha1": "89b4db9f359c4066b468de676241bd6a01face82"
      },
      "env": {
        "client": "required",
        "server": "required"
      },
      "downloads": [
        "https://cdn.modrinth.com/data/5ZwdcRci/versions/GvlZ6XnU/ImmediatelyFast-NeoForge-1.8.0%2B1.21.4.jar"
      ],
      "fileSize": 251781
    },
    {
      "path": "mods/noisium-neoforge-2.5.0+mc1.21.4.jar",
      "hashes": {
        "sha1": "2addd16c4f9633b194afa4f11b25a130c6748054",
        "sha512": "c54ebd29b21936b660ac32a2fbe174e6f3c7ea855054de016581754ae5afd968ecd67bd49fd23b70ce84b38e28b1ed82fc32d292712769e47be48684254f62ba"
      },
      "env": {
        "server": "required",
        "client": "required"
      },
      "downloads": [
        "https://cdn.modrinth.com/data/KuNKN7d2/versions/5JoGTWve/noisium-neoforge-2.5.0%2Bmc1.21.4.jar"
      ],
      "fileSize": 60199
    },
    {
      "path": "mods/moreculling-neoforge-1.21.4-1.2.10.jar",
      "hashes": {
        "sha512": "3bb19ddfe907cb812ad01c178f2d13ef1c4b55312ed8fd31347e7161fdcea86ae463b959ca2410077df84c8199d5c256150a50ccccff1adb619fd1d8c1b08638",
        "sha1": "93f374d5fffaddc83cd498fc6dcaa13d647a9421"
      },
      "env": {
        "client": "required",
        "server": "required"
      },
      "downloads": [
        "https://cdn.modrinth.com/data/51shyZVL/versions/ST43Fz5s/moreculling-neoforge-1.21.4-1.2.10.jar"
      ],
      "fileSize": 346068
    },
    {
      "path": "mods/ferritecore-7.1.2-neoforge.jar",
      "hashes": {
        "sha512": "e4c52cfc482d1feafdc2205c7ff369596536b57b83bc71f1f7984f4cf11c8a0539c5a5cab1eae062c6821424ba2fd05866f9a3c8a58884710a5b4eeef77c8cb6",
        "sha1": "f1d63ed7a712c84d2698905524960627f8d9c206"
      },
      "env": {
        "client": "required",
        "server": "required"
      },
      "downloads": [
        "https://cdn.modrinth.com/data/uXXizFIs/versions/gTYCIFFQ/ferritecore-7.1.2-neoforge.jar"
      ],
      "fileSize": 105336
    },
    {
      "path": "mods/cloth-config-17.0.144-neoforge.jar",
      "hashes": {
        "sha1": "af9a6e52015098fd3d97d996dafbb66bbe495691",
        "sha512": "0e16e28cc181aa95bfc4e700affc2d3c95068958e144214620502ee1307fa239a92175a121f96ec16e6abface042f030987833a231a5b60bdb81d80cb669b2ca"
      },
      "env": {
        "client": "required",
        "server": "required"
      },
      "downloads": [
        "https://cdn.modrinth.com/data/9s6osm5g/versions/dWfheG9X/cloth-config-17.0.144-neoforge.jar"
      ],
      "fileSize": 1159457
    },
    {
      "path": "mods/modernfix-neoforge-5.20.3+mc1.21.4.jar",
      "hashes": {
        "sha1": "0353510f51f377a0c54da7a7f26f68bc83721c3d",
        "sha512": "3d1bbd2b9d63fa78da2df10c32d4e04b17781b6570faaedaf849761c764ea7f41c34b6df1f58300efa66111712f3cda79966c98673b58a65a8d4b03912dbf045"
      },
      "env": {
        "server": "required",
        "client": "required"
      },
      "downloads": [
        "https://cdn.modrinth.com/data/nmDcB62a/versions/xbg7UvQT/modernfix-neoforge-5.20.3%2Bmc1.21.4.jar"
      ],
      "fileSize": 470519
    },
    {
      "path": "mods/lithium-neoforge-0.15.2+mc1.21.4.jar",
      "hashes": {
        "sha1": "3ba6fb96ef1b759becd90a3a38aeb0ab3b2c6519",
        "sha512": "b14e8b11d5e4d60bba3faf839fe2fa06fed0387e12a57914faefd89d93c2f8f374371da0339fe0ed8ad9623ac9f02182a325431e100f33392334dbe21fd68d7b"
      },
      "env": {
        "server": "required",
        "client": "required"
      },
      "downloads": [
        "https://cdn.modrinth.com/data/gvQqBUqZ/versions/7ORhyYm2/lithium-neoforge-0.15.2%2Bmc1.21.4.jar"
      ],
      "fileSize": 760824
    },
    {
      "path": "mods/BadOptimizations-2.2.1-1.21.2-21.4.jar",
      "hashes": {
        "sha1": "8bafe2a3ce1a3c6c48bb243dde3cbd9c5b510a01",
        "sha512": "c5ec3cf6bc621e867223584454f47fb8c6cbcefc961ba0ef7b7eb848dc287d0682b92677e1b965e2d1b481c451bfc9ebd7d0d3a8a644d05b7a9e1e417462fb64"
      },
      "env": {
        "client": "required",
        "server": "required"
      },
      "downloads": [
        "https://cdn.modrinth.com/data/g96Z4WVZ/versions/EPTfY6pQ/BadOptimizations-2.2.1-1.21.2-21.4.jar"
      ],
      "fileSize": 109756
    },
    {
      "path": "mods/entityculling-neoforge-1.7.4-mc1.21.4.jar",
      "hashes": {
        "sha1": "25911fc4cadda2553c51961a23b5f0947b9f9b7e",
        "sha512": "2bc28f450a95dafca538d7c530930f2c442bfd93d47d29489f7422e355f1b9d1ad8df443ef5af3ad8c1ed9cca4f7197e81133aa1aa769a2bd9f4c824f759037b"
      },
      "env": {
        "client": "required",
        "server": "required"
      },
      "downloads": [
        "https://cdn.modrinth.com/data/NNAgCjsB/versions/aGPgF33y/entityculling-neoforge-1.7.4-mc1.21.4.jar"
      ],
      "fileSize": 74061
    },
    {
      "path": "mods/sodium-neoforge-0.6.13+mc1.21.4.jar",
      "hashes": {
        "sha512": "759bf19e9aa6d5d604c7a6a00f4840ed180bb4b8541b80d3a09c0efef7cc3a057d678953ab98fd7bb94e71174fabd22e8c13cd9411ecc16ab96c32750b021314",
        "sha1": "3983693715e20e3c1c9294a034b5b6b56215a7ec"
      },
      "env": {
        "client": "required",
        "server": "required"
      },
      "downloads": [
        "https://cdn.modrinth.com/data/AANobbMI/versions/XgEfENfn/sodium-neoforge-0.6.13%2Bmc1.21.4.jar"
      ],
      "fileSize": 1161460
    }
  ],
  "dependencies": {
    "neoforge": "21.4.124",
    "minecraft": "1.21.4"
  }
}