{
  "game": "minecraft",
  "formatVersion": 1,
  "versionId": "1.0.0",
  "name": "Photon",
  "summary": "",
  "files": [
    {
      "path": "mods/entityculling-fabric-1.6.2-mc1.19.4.jar",
      "hashes": {
        "sha1": "3a9381229408afa9d2c7d7e3fad017e5079ab20c",
        "sha512": "99fcfe1be5be7abd8f1f86c305a8b0fca9a5f5fa3f486306b804cb694ce6d0fe5a5b2465ae2b913dd720600d9c64cec3734541c7dd4b7c320dc7a3c9035c5cc1"
      },
      "env": {
        "server": "required",
        "client": "required"
      },
      "downloads": [
        "https://cdn.modrinth.com/data/NNAgCjsB/versions/UvJN5Cy4/entityculling-fabric-1.6.2-mc1.19.4.jar"
      ],
      "fileSize": 56582
    },
    {
      "path": "mods/modernfix-fabric-5.7.2+mc1.19.4.jar",
      "hashes": {
        "sha1": "53ec153757699d3998f74891d8ac8ef13b3da2aa",
        "sha512": "94877c4253224855753650e198df5cec908e4d07ae8f678982fa0a51a421d8f5659c2d505320a6af079da890bddca4f17d519484411bba877ca67fe545ec58b8"
      },
      "env": {
        "client": "required",
        "server": "required"
      },
      "downloads": [
        "https://cdn.modrinth.com/data/nmDcB62a/versions/LXlsO4Vo/modernfix-fabric-5.7.2%2Bmc1.19.4.jar"
      ],
      "fileSize": 513020
    },
    {
      "path": "mods/enhancedblockentities-0.9+1.19.4.jar",
      "hashes": {
        "sha512": "a60cbef0fc67789fafefafaf799107e17b96a2d1cf67f3b8396f8960a64308c9a9d33c822a0d62f6873bf2215c2026c46b78fa2d240c0055148230f13903636d",
        "sha1": "97ffe54d7f5294fe6c8b529f51ef4b208b3ab1a7"
      },
      "env": {
        "server": "required",
        "client": "required"
      },
      "downloads": [
        "https://cdn.modrinth.com/data/OVuFYfre/versions/Xdo5ZiRc/enhancedblockentities-0.9%2B1.19.4.jar"
      ],
      "fileSize": 492518
    },
    {
      "path": "mods/phosphor-fabric-mc1.19.x-0.8.1.jar",
      "hashes": {
        "sha512": "13a0707b7a92726aa3154bc40978f36bb340d643c1d60e9fa2cbf8f7b0c7d3ea03c2a079f46a487df05e944eec9f5779afae9e99be7f70373e8a31d59948d487",
        "sha1": "2dd6f771ba5878d81892b9487f35340e94c87a1c"
      },
      "env": {
        "server": "required",
        "client": "required"
      },
      "downloads": [
        "https://cdn.modrinth.com/data/hEOCdOgW/versions/mc1.19.x-0.8.1/phosphor-fabric-mc1.19.x-0.8.1.jar"
      ],
      "fileSize": 88018
    },
    {
      "path": "mods/moreculling-1.19.4-0.17.0.jar",
      "hashes": {
        "sha512": "bf01675be88b4770f6fa6197644978912e9d3fd547c8eeeb709102088a15b0570043f5b05c93f7d600a08ff80dad1f00b3fd52f2fb1243f9268b837e6329be52",
        "sha1": "91d4fdb4786d2dfe56a84dff552bcadbebc88cec"
      },
      "env": {
        "server": "required",
        "client": "required"
      },
      "downloads": [
        "https://cdn.modrinth.com/data/51shyZVL/versions/A9LKf67q/moreculling-1.19.4-0.17.0.jar"
      ],
      "fileSize": 1235479
    },
    {
      "path": "mods/ferritecore-5.2.0-fabric.jar",
      "hashes": {
        "sha512": "56a4ac2ed002260ee451fa9d33169ddcd01473bf46eee97061666b13fa386cd23e15238a72729e55f32d81cce8ae049c80caabf1947ba998258282226289be0c",
        "sha1": "ed6fa9a9365d4e58db6703479a44cc6aed5add2f"
      },
      "env": {
        "client": "required",
        "server": "required"
      },
      "downloads": [
        "https://cdn.modrinth.com/data/uXXizFIs/versions/RbR7EG8T/ferritecore-5.2.0-fabric.jar"
      ],
      "fileSize": 124924
    },
    {
      "path": "mods/BadOptimizations-2.1.4-1.19.4.jar",
      "hashes": {
        "sha1": "330c0dd1f933d4ae5911cddc04324541dd0aea07",
        "sha512": "2455f656b056a1e3365a90079a03ef16c0a0bb10571f2ad10f0870f16c55cb32c838d0ecfadc35726b28ee768522dadb80cd3a43aeb878fadcd348405741ee75"
      },
      "env": {
        "client": "required",
        "server": "required"
      },
      "downloads": [
        "https://cdn.modrinth.com/data/g96Z4WVZ/versions/xhGlhCut/BadOptimizations-2.1.4-1.19.4.jar"
      ],
      "fileSize": 422943
    },
    {
      "path": "mods/cloth-config-10.1.117-fabric.jar",
      "hashes": {
        "sha1": "c0fba7b52eca028219943759e258a1269e32f923",
        "sha512": "51d264722e843e6cc87f660edd8feb269b3b7821fdab7780cde4d1e8e8a8ea25a02e33324bc5dee2baa2ac27e4326ee492ed871d73c75495128d24e20901cebc"
      },
      "env": {
        "server": "required",
        "client": "required"
      },
      "downloads": [
        "https://cdn.modrinth.com/data/9s6osm5g/versions/4UgNKji6/cloth-config-10.1.117-fabric.jar"
      ],
      "fileSize": 1158014
    },
    {
      "path": "mods/indium-1.0.19+mc1.19.4.jar",
      "hashes": {
        "sha1": "55638e279d8a19ea5df67ff86feb6350e95376e1",
        "sha512": "676e217ba05ff49c3e8d5d801f7c157b5b988eb21a44694d5c72a279dcdfe30933f57639a66d9f49b9b10c26edb288e8aa212ba27d4bd9abe0212c52b2e9b193"
      },
      "env": {
        "client": "required",
        "server": "required"
      },
      "downloads": [
        "https://cdn.modrinth.com/data/Orvt0mRa/versions/oYQsfz9e/indium-1.0.19%2Bmc1.19.4.jar"
      ],
      "fileSize": 104841
    },
    {
      "path": "mods/ImmediatelyFast-Fabric-1.2.11+1.19.4.jar",
      "hashes": {
        "sha1": "956a23c27590dd14195128708cd6e59b057a10dc",
        "sha512": "c7b3443406357bad283d2214f4f99ff8760a60c60c228b2e40acc33e37409be87c3e7eebd4d33f460dd2697a25188361f8869a96e5cb2d34422a6107248d2e85"
      },
      "env": {
        "client": "required",
        "server": "required"
      },
      "downloads": [
        "https://cdn.modrinth.com/data/5ZwdcRci/versions/ezKTj0NE/ImmediatelyFast-Fabric-1.2.11%2B1.19.4.jar"
      ],
      "fileSize": 370128
    },
    {
      "path": "mods/qfapi-6.0.0-beta.11_qsl-5.0.0-beta.11_fapi-0.87.0_mc-1.19.4.jar",
      "hashes": {
        "sha512": "803b437084b698be11686cfda1e8056236e3a82126454a43927c9a5a5ae22f4cb2f0aaab50ffdd6dd04bb1e89fba9b81bb10867ae7a96884b4fa016974a4c0c5",
        "sha1": "ee5bbcae4ba9231b53fc317e5fd4bf8352b6de8b"
      },
      "env": {
        "client": "required",
        "server": "required"
      },
      "downloads": [
        "https://cdn.modrinth.com/data/qvIfYCYJ/versions/BQoiDT9n/qfapi-6.0.0-beta.11_qsl-5.0.0-beta.11_fapi-0.87.0_mc-1.19.4.jar"
      ],
      "fileSize": 1901471
    },
    {
      "path": "mods/sodium-fabric-mc1.19.4-0.4.10+build.24.jar",
      "hashes": {
        "sha512": "61562626870aa4067657d2687d1fce80fb7d62af32fd68a22708e24ee5b84b39d16b26ccf4db8f53f2da42ba1916d6a5e11efc476cb5c2a8644207659fd5dfef",
        "sha1": "b060680929d7a6d130fb980a9f9907461df05fa1"
      },
      "env": {
        "server": "required",
        "client": "required"
      },
      "downloads": [
        "https://cdn.modrinth.com/data/AANobbMI/versions/b4hTi3mo/sodium-fabric-mc1.19.4-0.4.10%2Bbuild.24.jar"
      ],
      "fileSize": 711302
    },
    {
      "path": "mods/c2me-fabric-mc1.19.4-0.2.0+alpha.10.66.jar",
      "hashes": {
        "sha512": "1cbb1fe9b3538d953e341b499c67001f9fb142bf24853a6133dbc091aa8757d47d9949a1bc04106676cfb0b3ac280409fe017c1e3d4194bf35bb606eaea6c79d",
        "sha1": "5c681eb7358d91faf52c7b57d590c4fa274a6847"
      },
      "env": {
        "server": "required",
        "client": "required"
      },
      "downloads": [
        "https://cdn.modrinth.com/data/VSNURh3q/versions/uZ1nQtIu/c2me-fabric-mc1.19.4-0.2.0%2Balpha.10.66.jar"
      ],
      "fileSize": 1298898
    },
    {
      "path": "mods/lithium-fabric-mc1.19.4-0.11.1.jar",
      "hashes": {
        "sha512": "f2bd271e30e5ed9f097d592db5e859208a1c6abe727dc51f83879b837c843b4f6453e99f1ca8d5225f896233ab8f7dbbb3300f10396d2a1cd2957937acfd1aa7",
        "sha1": "69aa137957af4f0f701f6a7663c6d8646f84a1cc"
      },
      "env": {
        "server": "required",
        "client": "required"
      },
      "downloads": [
        "https://cdn.modrinth.com/data/gvQqBUqZ/versions/14hWYkog/lithium-fabric-mc1.19.4-0.11.1.jar"
      ],
      "fileSize": 639391
    }
  ],
  "dependencies": {
    "minecraft": "1.19.4",
    "quilt-loader": "0.28.0-beta.6"
  }
}