{
  "game": "minecraft",
  "formatVersion": 1,
  "versionId": "1.0.0",
  "name": "Photon",
  "summary": "",
  "files": [
    {
      "path": "mods/BadOptimizations-2.2.1-1.20.2-20.4.jar",
      "hashes": {
        "sha1": "9ab78c684a9c6fa8c0c928dd1e90dac5ae9d0af3",
        "sha512": "5458e6dd5ff4a6eb9bf479055b4d8812cc83443797705229566a9853b5c6751086d61423c0a95397099645bd63c33f6dea49439389960e7ee571f73d81e30727"
      },
      "env": {
        "client": "required",
        "server": "required"
      },
      "downloads": [
        "https://cdn.modrinth.com/data/g96Z4WVZ/versions/ZQ1iIvpY/BadOptimizations-2.2.1-1.20.2-20.4.jar"
      ],
      "fileSize": 134016
    },
    {
      "path": "mods/embeddium-0.3.25+mc1.20.4.jar",
      "hashes": {
        "sha512": "6565e4e037a22711589ad1a51a47f1d9e1afcd74b727d3baffc242b7d549ef0c01772102eac5e6c015f73ac1ea21b1b0bfd3fb33ebf078314e0ac71d84b1c705",
        "sha1": "eb82ba356d65403bf6b2de0fe9fc366a21ff904f"
      },
      "env": {
        "server": "required",
        "client": "required"
      },
      "downloads": [
        "https://cdn.modrinth.com/data/sk9rgfiA/versions/YcDuSsmz/embeddium-0.3.25%2Bmc1.20.4.jar"
      ],
      "fileSize": 1103387
    },
    {
      "path": "mods/modernfix-neoforge-5.17.0+mc1.20.4.jar",
      "hashes": {
        "sha1": "c6838b872d8c5b831a6b308ed9a18ca07303dd5d",
        "sha512": "e593815a77fd457eb693489a17a8fd0eab377d78c53454ae7250583092b62d887516a11c7c0ed51120019e0e141aaa4d1ab70e2ae8a136bf4f9cf9a82d258167"
      },
      "env": {
        "client": "required",
        "server": "required"
      },
      "downloads": [
        "https://cdn.modrinth.com/data/nmDcB62a/versions/Kf6nINYI/modernfix-neoforge-5.17.0%2Bmc1.20.4.jar"
      ],
      "fileSize": 537565
    },
    {
      "path": "mods/ImmediatelyFast-NeoForge-1.3.4+1.20.4.jar",
      "hashes": {
        "sha1": "c2e9196a67f644ea66f9bf964437ff907867c31e",
        "sha512": "7ba1b44e25acff0d9b93e771721cef5b746e3fcabcf02c3b57f78bcb2204e3419a363d7698a4b3af07b04fb5dd64cdf6d0d48195d9fdf9d0e8d03880eb34bb9c"
      },
      "env": {
        "server": "required",
        "client": "required"
      },
      "downloads": [
        "https://cdn.modrinth.com/data/5ZwdcRci/versions/BCkMlqWk/ImmediatelyFast-NeoForge-1.3.4%2B1.20.4.jar"
      ],
      "fileSize": 265512
    },
    {
      "path": "mods/noisium-neoforge-2.3.0+mc1.20.2-1.20.4.jar",
      "hashes": {
        "sha512": "745c4fb06e012f25582f5ead5167be1ba75804921b72e493778319f933f6072444fa926716530515970fe151073922018e80c7220c29a7c2359b52c92205f78e",
        "sha1": "5e976028c1179e8de3a1d703d53a6f1834d9fc12"
      },
      "env": {
        "server": "required",
        "client": "required"
      },
      "downloads": [
        "https://cdn.modrinth.com/data/KuNKN7d2/versions/rjcZ5G3m/noisium-neoforge-2.3.0%2Bmc1.20.2-1.20.4.jar"
      ],
      "fileSize": 58938
    },
    {
      "path": "mods/ferritecore-6.0.3-forge.jar",
      "hashes": {
        "sha1": "84542fbd77f2c3290faad89b079a2f062db8934c",
        "sha512": "54836d48903bb81d951208989d780f6da44193e809188cb24d91d908a900279078fec7ec8295486775e4d299cdb4998cbb41b01acb80655cf66455aa5a0f8da9"
      },
      "env": {
        "client": "required",
        "server": "required"
      },
      "downloads": [
        "https://cdn.modrinth.com/data/uXXizFIs/versions/85kC2OMr/ferritecore-6.0.3-forge.jar"
      ],
      "fileSize": 121760
    },
    {
      "path": "mods/entityculling-neoforge-1.7.2-mc1.20.4.jar",
      "hashes": {
        "sha512": "4d27afd5f1e0393a6ef19352972974aa85263bed7684e94a006e4d82b405f990aa47c1adb992df85e03f754c65880ca82e1e7ba7aa886c32f287c00dcee6c9cb",
        "sha1": "278054c2a3cbf34ee9ae395d680b995bb13349e3"
      },
      "env": {
        "server": "required",
        "client": "required"
      },
      "downloads": [
        "https://cdn.modrinth.com/data/NNAgCjsB/versions/YG4HSXiu/entityculling-neoforge-1.7.2-mc1.20.4.jar"
      ],
      "fileSize": 72230
    }
  ],
  "dependencies": {
    "minecraft": "1.20.4",
    "neoforge": "20.4.239"
  }
}