{
  "game": "minecraft",
  "formatVersion": 1,
  "versionId": "1.0.3",
  "name": "Photon",
  "summary": "",
  "files": [
    {
      "path": "mods/fabric-api-0.115.1+1.21.1.jar",
      "hashes": {
        "sha1": "551227e92766a97a76c949cbcd616ece7d603ec7",
        "sha512": "54e039c309e3001089cd97b382cd0193c4fa5eaa92eeb351409588d8a203cdd81e7133d0479bd66331d487a69259e4b7b2db138afec99707f4d43dafc11aa13b"
      },
      "env": {
        "client": "required",
        "server": "required"
      },
      "downloads": [
        "https://cdn.modrinth.com/data/P7dR8mSH/versions/aHOmYIWr/fabric-api-0.115.1%2B1.21.1.jar"
      ],
      "fileSize": 2401630
    },
    {
      "path": "mods/sodium-fabric-0.6.9+mc1.21.1.jar",
      "hashes": {
        "sha1": "7953f77ac52ca2b1c6a7e483553b2a345f1b2a9c",
        "sha512": "892728b3c26038446b9f573695db9e791fa320994ed34f89be5c766fa2e735b46adb9efa8f6688d5a5b7bb8e9793ff09e72f06fb5ff074137d5b833f1fe27227"
      },
      "env": {
        "client": "required",
        "server": "required"
      },
      "downloads": [
        "https://cdn.modrinth.com/data/AANobbMI/versions/26nVNc41/sodium-fabric-0.6.9%2Bmc1.21.1.jar"
      ],
      "fileSize": 1297415
    },
    {
      "path": "mods/moreculling-fabric-1.21.1-1.0.5.jar",
      "hashes": {
        "sha1": "26f581c7d470c44bace63b0922bf313eb85c8ef8",
        "sha512": "3656983667c57398c3e8d93e134732ecd24acb24aa25900526538d0ab96ca673dac8049e75611150e3f8c415a69958fe466d718c27e898ae90c23ff3981d8968"
      },
      "env": {
        "client": "required",
        "server": "required"
      },
      "downloads": [
        "https://cdn.modrinth.com/data/51shyZVL/versions/qTn4578a/moreculling-fabric-1.21.1-1.0.5.jar"
      ],
      "fileSize": 343868
    },
    {
      "path": "mods/BadOptimizations-2.2.1-1.21.1.jar",
      "hashes": {
        "sha1": "888488898628016d421bc6b4fe2ae998aba2b522",
        "sha512": "64e00f2fc02b2dc28634c9f19565645941a5254cc75b94d292383adb728ac2280d1bc051a4de3e1738f44542ce65b41eb0fe96f6cebb4c0e6ab92f9ba7af6b88"
      },
      "env": {
        "client": "required",
        "server": "required"
      },
      "downloads": [
        "https://cdn.modrinth.com/data/g96Z4WVZ/versions/gTsJRSdq/BadOptimizations-2.2.1-1.21.1.jar"
      ],
      "fileSize": 110755
    },
    {
      "path": "mods/enhancedblockentities-0.10.2+1.21.jar",
      "hashes": {
        "sha1": "d81359d77fc7c5437f3e83e519dc2f869300f0cd",
        "sha512": "60e01db603fcf1392c0cd5c3ce742e568f7d445d83fe60828b21f546e7d29fb6947231f22d28e29b07f4bdcb767b6dc2a2398b4decea665ecba1166690a44d49"
      },
      "env": {
        "client": "required",
        "server": "required"
      },
      "downloads": [
        "https://cdn.modrinth.com/data/OVuFYfre/versions/HBZAPs3u/enhancedblockentities-0.10.2%2B1.21.jar"
      ],
      "fileSize": 201157
    },
    {
      "path": "mods/lithium-fabric-0.14.8+mc1.21.1.jar",
      "hashes": {
        "sha1": "8f5af483ccc65634133e94c72056a50a05a2f0c2",
        "sha512": "ed33ab7cc57950ec8b04b41f751720a3f903158093f1940b1a0bdb938b94bfaf398fc238014fee4523c9407fd3ff2377ee2e09cf7f7a349bfc8fc9e5a0b55a19"
      },
      "env": {
        "client": "required",
        "server": "required"
      },
      "downloads": [
        "https://cdn.modrinth.com/data/gvQqBUqZ/versions/3HMQZXbw/lithium-fabric-0.14.8%2Bmc1.21.1.jar"
      ],
      "fileSize": 765859
    },
    {
      "path": "mods/noisium-fabric-2.3.0+mc1.21-1.21.1.jar",
      "hashes": {
        "sha512": "606ba78cf7f30d99e417c96aa042f600c1b626ed9c783919496d139de650013f1434fcf93545782e3889660322837ce6e85530d9e1a5cc20f9ad161357ede43e",
        "sha1": "642a672cfc60ff1e1262a39d7e160b1381c5120c"
      },
      "env": {
        "server": "required",
        "client": "required"
      },
      "downloads": [
        "https://cdn.modrinth.com/data/KuNKN7d2/versions/4sGQgiu2/noisium-fabric-2.3.0%2Bmc1.21-1.21.1.jar"
      ],
      "fileSize": 216183
    },
    {
      "path": "mods/modernfix-fabric-5.20.2+mc1.21.1.jar",
      "hashes": {
        "sha512": "1ed6f19b08198d07b6a45a3fe6aaee01f420e70bc73c8cafd1be46ccea97584f407005395eb787b0c4a90e5d9ed9581938d9b335369468d1b05e935d7792e15a",
        "sha1": "34f1cec6b5be986dac19db957d64f977489cad82"
      },
      "env": {
        "client": "required",
        "server": "required"
      },
      "downloads": [
        "https://cdn.modrinth.com/data/nmDcB62a/versions/tn4FFqcg/modernfix-fabric-5.20.2%2Bmc1.21.1.jar"
      ],
      "fileSize": 435763
    },
    {
      "path": "mods/ImmediatelyFast-Fabric-1.6.0+1.21.1.jar",
      "hashes": {
        "sha512": "1087ad87d3f595279b322edfa4b38f3a15f1a5cdc7e29463c62bd23495ce654783d6fdbb6f73d9a4d55d62e79fd0af48312c7e1c420e56d6192a382b05ec9c75",
        "sha1": "02ba9503f773ec3659e950350aad263586f8a774"
      },
      "env": {
        "client": "required",
        "server": "required"
      },
      "downloads": [
        "https://cdn.modrinth.com/data/5ZwdcRci/versions/T3rJAYXa/ImmediatelyFast-Fabric-1.6.0%2B1.21.1.jar"
      ],
      "fileSize": 225555
    },
    {
      "path": "mods/entityculling-fabric-1.7.3-mc1.21.jar",
      "hashes": {
        "sha512": "924677750f167722f767f69b644b1492705d2fb0ac02abbfe7dd39cf9718d88f7de3a0a764b602e224e1199c6e66b475128cbf35b2e78700fff2902136efb65c",
        "sha1": "b2e066d4d0ee80d000fc628c8138ae1ca1c3cc98"
      },
      "env": {
        "client": "required",
        "server": "required"
      },
      "downloads": [
        "https://cdn.modrinth.com/data/NNAgCjsB/versions/ssEdOyua/entityculling-fabric-1.7.3-mc1.21.jar"
      ],
      "fileSize": 71253
    },
    {
      "path": "mods/c2me-fabric-mc1.21.1-0.3.0+alpha.0.317.jar",
      "hashes": {
        "sha512": "c4cd79e20a8b69ecedf507cad8d4d532db5dab2c1e34c5a254e6f8414cafd9f9cd01c0394e730c16340211d397bd30960e247c09bf66c48e455e481e3a9bf6db",
        "sha1": "4272ff26eec6cd2b03b657cc3c23ea79f9b36c0b"
      },
      "env": {
        "client": "required",
        "server": "required"
      },
      "downloads": [
        "https://cdn.modrinth.com/data/VSNURh3q/versions/HqusQu7H/c2me-fabric-mc1.21.1-0.3.0%2Balpha.0.317.jar"
      ],
      "fileSize": 4662924
    },
    {
      "path": "mods/cloth-config-15.0.140-fabric.jar",
      "hashes": {
        "sha512": "1b3f5db4fc1d481704053db9837d530919374bf7518d7cede607360f0348c04fc6347a3a72ccfef355559e1f4aef0b650cd58e5ee79c73b12ff0fc2746797a00",
        "sha1": "5d82342a2df53fd6df712bfdd583a811572918a4"
      },
      "env": {
        "server": "required",
        "client": "required"
      },
      "downloads": [
        "https://cdn.modrinth.com/data/9s6osm5g/versions/HpMb5wGb/cloth-config-15.0.140-fabric.jar"
      ],
      "fileSize": 1157166
    },
    {
      "path": "mods/ferritecore-7.0.2-hotfix-fabric.jar",
      "hashes": {
        "sha512": "ca975bd3708cd96d30cf1447ac8883572113562eb2dd697e60c1cf382d6b70d0b1a511fcbfd042c51b2cf5d5ffc718b847f845e4c8a3e421e8c9ee741119a421",
        "sha1": "48ee764932d0c8ec81a2223dbe333886938e512c"
      },
      "env": {
        "client": "required",
        "server": "required"
      },
      "downloads": [
        "https://cdn.modrinth.com/data/uXXizFIs/versions/bwKMSBhn/ferritecore-7.0.2-hotfix-fabric.jar"
      ],
      "fileSize": 120709
    }
  ],
  "dependencies": {
    "minecraft": "1.21.1",
    "fabric-loader": "0.16.10"
  }
}