{
  "game": "minecraft",
  "formatVersion": 1,
  "versionId": "1.0.2",
  "name": "Photon",
  "summary": "",
  "files": [
    {
      "path": "mods/sodium-fabric-0.6.7+mc1.21.4.jar",
      "hashes": {
        "sha1": "481f948c77a1ba80804a45989642e1d81999947e",
        "sha512": "e7a1dafee90f9df9a778a9cd6c19b01ca410f9bc6cb436ae8128b1ca8858ca40932beef9dacd3f4289e8ed4d7ac2b1dce1ee7ef8579ff2e72ad647dc3cc91bc1"
      },
      "env": {
        "server": "required",
        "client": "required"
      },
      "downloads": [
        "https://cdn.modrinth.com/data/AANobbMI/versions/IIO7jQ3j/sodium-fabric-0.6.7%2Bmc1.21.4.jar"
      ],
      "fileSize": 1292358
    },
    {
      "path": "mods/modernfix-fabric-5.20.3+mc1.21.4.jar",
      "hashes": {
        "sha512": "ae49114c92a048c9ce79e197fc4df028e186cf13546e710f72247382fa8076f0b70d6aa3224951f4a36c886ca236f099a011f20b021a2b0d1a75c631da4d7d52",
        "sha1": "46dabb966c9772daf5d3af20fbadc8f2fbcbeb18"
      },
      "env": {
        "server": "required",
        "client": "required"
      },
      "downloads": [
        "https://cdn.modrinth.com/data/nmDcB62a/versions/ZGxQddYr/modernfix-fabric-5.20.3%2Bmc1.21.4.jar"
      ],
      "fileSize": 436498
    },
    {
      "path": "mods/BadOptimizations-2.2.1-1.21.2-21.4.jar",
      "hashes": {
        "sha1": "8bafe2a3ce1a3c6c48bb243dde3cbd9c5b510a01",
        "sha512": "c5ec3cf6bc621e867223584454f47fb8c6cbcefc961ba0ef7b7eb848dc287d0682b92677e1b965e2d1b481c451bfc9ebd7d0d3a8a644d05b7a9e1e417462fb64"
      },
      "env": {
        "server": "required",
        "client": "required"
      },
      "downloads": [
        "https://cdn.modrinth.com/data/g96Z4WVZ/versions/EPTfY6pQ/BadOptimizations-2.2.1-1.21.2-21.4.jar"
      ],
      "fileSize": 109756
    },
    {
      "path": "mods/enhancedblockentities-0.11.3+1.21.4.jar",
      "hashes": {
        "sha512": "c35bd51b54132abca669341cf717c4218e7be0e639d7b85f977d50fe613121a9fdf514c27a0595b58911363cb1e5226732275dc51f59f598345d19051d0a948b",
        "sha1": "261b0e79ffbb79f9b708827333bd745620ebbec0"
      },
      "env": {
        "client": "required",
        "server": "required"
      },
      "downloads": [
        "https://cdn.modrinth.com/data/OVuFYfre/versions/YokFoILZ/enhancedblockentities-0.11.3%2B1.21.4.jar"
      ],
      "fileSize": 207442
    },
    {
      "path": "mods/c2me-fabric-mc1.21.4-0.3.2+alpha.0.37.jar",
      "hashes": {
        "sha512": "46b9bc16554997b80c9d8cdc88dcb6b763ef20efa9f825f4bd70202785171bdec1c6c528de551cb3cf30d53b27f4710ea9670891153f572713a97a62f879b943",
        "sha1": "d5edf69b26fc5a2ff69a4921a1ea047954c4bcef"
      },
      "env": {
        "server": "required",
        "client": "required"
      },
      "downloads": [
        "https://cdn.modrinth.com/data/VSNURh3q/versions/MDuPEx6N/c2me-fabric-mc1.21.4-0.3.2%2Balpha.0.37.jar"
      ],
      "fileSize": 4665697
    },
    {
      "path": "mods/entityculling-fabric-1.7.2-mc1.21.4.jar",
      "hashes": {
        "sha512": "ad5689106a00b1ff9a47953cc4a3b64e0735de3e2fc9a9d183f7ae8caa48aa7fb62eff5d1c9419f3fd19d953a5183683aa550de1e513135f89d9d6bd89e4dad4",
        "sha1": "a8b87f259682580d558f793ed99be44d55f06c0f"
      },
      "env": {
        "server": "required",
        "client": "required"
      },
      "downloads": [
        "https://cdn.modrinth.com/data/NNAgCjsB/versions/NkBXk0Ye/entityculling-fabric-1.7.2-mc1.21.4.jar"
      ],
      "fileSize": 67916
    },
    {
      "path": "mods/ferritecore-7.1.1-fabric.jar",
      "hashes": {
        "sha512": "f41dc9e8b28327a1e29b14667cb42ae5e7e17bcfa4495260f6f851a80d4b08d98a30d5c52b110007ee325f02dac7431e3fad4560c6840af0bf347afad48c5aac",
        "sha1": "ee08ca5fd2a7a02dbade048745533b5570a826f0"
      },
      "env": {
        "client": "required",
        "server": "required"
      },
      "downloads": [
        "https://cdn.modrinth.com/data/uXXizFIs/versions/IPM0JlHd/ferritecore-7.1.1-fabric.jar"
      ],
      "fileSize": 107026
    },
    {
      "path": "mods/lithium-fabric-0.14.7+mc1.21.4.jar",
      "hashes": {
        "sha1": "2f41a836351d5ae37b9cd6c96227e1dcaa30e6c5",
        "sha512": "7acb62dca4879ed665c81e81ccbaa6b26a73a0862dfcae5f6f8b1b0f89fd63554712c596fb235902b4359c0baed23d56bd36f2f4bdd81a7c1680a22c168ba8b9"
      },
      "env": {
        "client": "required",
        "server": "required"
      },
      "downloads": [
        "https://cdn.modrinth.com/data/gvQqBUqZ/versions/QCuodIia/lithium-fabric-0.14.7%2Bmc1.21.4.jar"
      ],
      "fileSize": 746249
    },
    {
      "path": "mods/ImmediatelyFast-Fabric-1.3.4+1.21.4.jar",
      "hashes": {
        "sha1": "ad5b284586f7ee1b53524d6f690d447aaaae5bec",
        "sha512": "5ca20f55cee1882b1979ddd43b116b1c145ee6eabf19aea5252f342e35a43a4c245fb35845cd6ea17eed70a6d76b660ff00f1ea71d439d5a8c22d2fa14fb3924"
      },
      "env": {
        "client": "required",
        "server": "required"
      },
      "downloads": [
        "https://cdn.modrinth.com/data/5ZwdcRci/versions/EEHOa7Ek/ImmediatelyFast-Fabric-1.3.4%2B1.21.4.jar"
      ],
      "fileSize": 214227
    },
    {
      "path": "mods/fabric-api-0.117.0+1.21.4.jar",
      "hashes": {
        "sha1": "317d879af820f3e88af10a7fb2707a193bf1f6bf",
        "sha512": "4dedb7a3f8d1e0110742b19dc3ad55033417f2d0a0507def21ce2716a08678fce5155a1bd4810639d366d6b59ef8fbab19f1415a93c23255b223039635a2d661"
      },
      "env": {
        "client": "required",
        "server": "required"
      },
      "downloads": [
        "https://cdn.modrinth.com/data/P7dR8mSH/versions/BYonCXDS/fabric-api-0.117.0%2B1.21.4.jar"
      ],
      "fileSize": 2137787
    },
    {
      "path": "mods/moreculling-fabric-1.21.4-1.2.5.jar",
      "hashes": {
        "sha512": "2b6212c4811f9fcc3948e887b073fa0b5813506d55a503a454ce3b030af78a76259f866dea0ea6bba59f7329eda653b072e60b5578fb3fe7649feba6f17c274c",
        "sha1": "1042d4b0f5dcf4ccfe72a49a810184b945410556"
      },
      "env": {
        "server": "required",
        "client": "required"
      },
      "downloads": [
        "https://cdn.modrinth.com/data/51shyZVL/versions/nUa7Yjqq/moreculling-fabric-1.21.4-1.2.5.jar"
      ],
      "fileSize": 341136
    },
    {
      "path": "mods/noisium-fabric-2.5.0+mc1.21.4.jar",
      "hashes": {
        "sha1": "4adbf542d5dd586fe8a458202bfeebd757dfd2f6",
        "sha512": "3119f9325a9ce13d851d4f6eddabade382222c80296266506a155f8e12f32a195a00a75c40a8d062e4439f5a7ef66f3af9a46f9f3b3cb799f3b66b73ca2edee8"
      },
      "env": {
        "client": "required",
        "server": "required"
      },
      "downloads": [
        "https://cdn.modrinth.com/data/KuNKN7d2/versions/9NHdQfkN/noisium-fabric-2.5.0%2Bmc1.21.4.jar"
      ],
      "fileSize": 216077
    },
    {
      "path": "mods/cloth-config-17.0.144-fabric.jar",
      "hashes": {
        "sha512": "ecc59da51149250284b0752475c7b328e0b0325888948391597afc638d6e67fa436297af12d2067376de0098ffa6ca86aa3b8d6011356c179222404c701c6345",
        "sha1": "63a1a3b25c642f5a745dfcc9bdc0841660f560af"
      },
      "env": {
        "server": "required",
        "client": "required"
      },
      "downloads": [
        "https://cdn.modrinth.com/data/9s6osm5g/versions/TJ6o2sr4/cloth-config-17.0.144-fabric.jar"
      ],
      "fileSize": 1152857
    }
  ],
  "dependencies": {
    "fabric-loader": "0.16.10",
    "minecraft": "1.21.4"
  }
}