{
  "game": "minecraft",
  "formatVersion": 1,
  "versionId": "1.0.0",
  "name": "Photon",
  "summary": "",
  "files": [
    {
      "path": "mods/noisium-neoforge-2.3.0+mc1.21-1.21.1.jar",
      "hashes": {
        "sha1": "1bea6b61378ba80f038256c4345d9ff3b67928c4",
        "sha512": "b50c37d2f69d51742d4407d272cea525b428784d2a39338d34b692937320495cd77d47b2d2321b3976713447028f50823e9ba44ca618900eba4ced907985ec84"
      },
      "env": {
        "client": "required",
        "server": "required"
      },
      "downloads": [
        "https://cdn.modrinth.com/data/KuNKN7d2/versions/nJBE6tif/noisium-neoforge-2.3.0%2Bmc1.21-1.21.1.jar"
      ],
      "fileSize": 60296
    },
    {
      "path": "mods/c2me-neoforge-mc1.21.1-0.3.0+alpha.0.53.jar",
      "hashes": {
        "sha512": "bfe2181cf5b3868ab7ad59ace15300bfa7e1204a7be57b06ac53ae5bb322ccee1e7e0c8dd69258a3d6c59dc82fa01e4caa2e4ca8900167c15ce31d95d2b9c88c",
        "sha1": "8e0c9ac28a7b3653ff55640b633e5b48eb3ce285"
      },
      "env": {
        "server": "required",
        "client": "required"
      },
      "downloads": [
        "https://cdn.modrinth.com/data/COlSi5iR/versions/BoQALfMw/c2me-neoforge-mc1.21.1-0.3.0%2Balpha.0.53.jar"
      ],
      "fileSize": 4481451
    },
    {
      "path": "mods/modernfix-neoforge-5.20.2+mc1.21.1.jar",
      "hashes": {
        "sha512": "fa32a7922c9b48866ed233085376888d2dae0c37325e942778f0d51efcdcc8687348418ca394f1346d0e8c1d27674f56f54b5f1b9708b1a15d69a7af5cf0a3ba",
        "sha1": "1ba69f600fb8c2f5bd5d73db0a530bcc2b576dec"
      },
      "env": {
        "server": "required",
        "client": "required"
      },
      "downloads": [
        "https://cdn.modrinth.com/data/nmDcB62a/versions/ZKnJCu6a/modernfix-neoforge-5.20.2%2Bmc1.21.1.jar"
      ],
      "fileSize": 497907
    },
    {
      "path": "mods/lithium-neoforge-0.14.7+mc1.21.1.jar",
      "hashes": {
        "sha512": "0d95f55852f3a0623797e2ebd9d4047987ffa7656f66d636e4c04efb1491d540f92914332a0f6cf16be4fdfa949ac0da9e4274b9717df366c9ffe18479375330",
        "sha1": "d6b55fed1004716f81d2929a26c086d0d06f6375"
      },
      "env": {
        "server": "required",
        "client": "required"
      },
      "downloads": [
        "https://cdn.modrinth.com/data/gvQqBUqZ/versions/cU1Q9UWL/lithium-neoforge-0.14.7%2Bmc1.21.1.jar"
      ],
      "fileSize": 723210
    },
    {
      "path": "mods/BadOptimizations-2.2.1-1.21.1.jar",
      "hashes": {
        "sha1": "888488898628016d421bc6b4fe2ae998aba2b522",
        "sha512": "64e00f2fc02b2dc28634c9f19565645941a5254cc75b94d292383adb728ac2280d1bc051a4de3e1738f44542ce65b41eb0fe96f6cebb4c0e6ab92f9ba7af6b88"
      },
      "env": {
        "client": "required",
        "server": "required"
      },
      "downloads": [
        "https://cdn.modrinth.com/data/g96Z4WVZ/versions/gTsJRSdq/BadOptimizations-2.2.1-1.21.1.jar"
      ],
      "fileSize": 110755
    },
    {
      "path": "mods/sodium-neoforge-0.6.5+mc1.21.1.jar",
      "hashes": {
        "sha1": "d3d04d6e8577623a826d3ab69787bf25fe62d5d2",
        "sha512": "e73ec4bdf812bdc31f268598e72db031a1cd7720b384bc6b68dc3c77978f10ac79e282375fe28a434394e4c8c40a529e81726a49549c41c91210aaf941a1cbf4"
      },
      "env": {
        "client": "required",
        "server": "required"
      },
      "downloads": [
        "https://cdn.modrinth.com/data/AANobbMI/versions/zBRij2cH/sodium-neoforge-0.6.5%2Bmc1.21.1.jar"
      ],
      "fileSize": 1154654
    },
    {
      "path": "mods/moreculling-neoforge-1.21.1-1.0.3.jar",
      "hashes": {
        "sha512": "35576779dd8a621d9a01525ca91153b17e93ea6715688fd2a0ec8b2a7d443f093aa156888731b701f4975974f2baa1a8c351f8ddd967e307a04a10caf27c0a2e",
        "sha1": "84ffb5c6a0897bd0e1e6c5d1b629b8189634cfc1"
      },
      "env": {
        "server": "required",
        "client": "required"
      },
      "downloads": [
        "https://cdn.modrinth.com/data/51shyZVL/versions/4Hxj2aLU/moreculling-neoforge-1.21.1-1.0.3.jar"
      ],
      "fileSize": 341761
    },
    {
      "path": "mods/cloth-config-15.0.140-neoforge.jar",
      "hashes": {
        "sha512": "aaf9b010955b8cd294e5a92f069985b18729fd5e2cf22d351f1dff9680f15488688803ec41e77e941cbde130ceb535014ca4c868047d80ab69c2d508e216654d",
        "sha1": "c3e5733ba4503b102589a026000fd5ce0212f6f2"
      },
      "env": {
        "server": "required",
        "client": "required"
      },
      "downloads": [
        "https://cdn.modrinth.com/data/9s6osm5g/versions/izKINKFg/cloth-config-15.0.140-neoforge.jar"
      ],
      "fileSize": 1163890
    },
    {
      "path": "mods/entityculling-neoforge-1.7.2-mc1.21.jar",
      "hashes": {
        "sha512": "14d0348cf9ac0c0434a19494caf6052e38b295b6677457c7297cd44fc61f10ef4d5ae66388aacc9362167e9f44f8f89ffbbb86fee9dfcc92b2cf1c7cf08f56ae",
        "sha1": "a67a3d7d1e4d912823773f8e7a6fdc4f90171ac4"
      },
      "env": {
        "client": "required",
        "server": "required"
      },
      "downloads": [
        "https://cdn.modrinth.com/data/NNAgCjsB/versions/8BvicUz9/entityculling-neoforge-1.7.2-mc1.21.jar"
      ],
      "fileSize": 70410
    },
    {
      "path": "mods/ImmediatelyFast-NeoForge-1.3.4+1.21.1.jar",
      "hashes": {
        "sha512": "03aa5c9b757d819fc2378b50f50804f486dc7d91c6f81609467c1e889250cc5e4bc889d0027b23d816e1f483668209925a40567b6ced11f5094a6f9436df5b30",
        "sha1": "4736811760cff712230da7fa7629c369f1d3fb69"
      },
      "env": {
        "server": "required",
        "client": "required"
      },
      "downloads": [
        "https://cdn.modrinth.com/data/5ZwdcRci/versions/E77ardrh/ImmediatelyFast-NeoForge-1.3.4%2B1.21.1.jar"
      ],
      "fileSize": 262760
    },
    {
      "path": "mods/ferritecore-7.0.2-neoforge.jar",
      "hashes": {
        "sha512": "2a5a7b79473c42572bdbbd1f429a459630d793b35f3eb17051139a94bced2d13c39e9c6309c81368d5502bc46c509e9868a8b5fa3cf93c51375a694cd96c20ac",
        "sha1": "7279fc52c32a033acc2864a9bcb018b2e04bbd03"
      },
      "env": {
        "client": "required",
        "server": "required"
      },
      "downloads": [
        "https://cdn.modrinth.com/data/uXXizFIs/versions/CnpoQxCx/ferritecore-7.0.2-neoforge.jar"
      ],
      "fileSize": 118911
    }
  ],
  "dependencies": {
    "minecraft": "1.21.1",
    "neoforge": "21.1.115"
  }
}