{
  "game": "minecraft",
  "formatVersion": 1,
  "versionId": "1.0.0",
  "name": "Photon",
  "summary": "",
  "files": [
    {
      "path": "mods/fabric-api-0.28.5%2B1.15.jar",
      "hashes": {
        "sha1": "83c53b84472e29c776ddf7d74518b2ea57d329ec",
        "sha512": "2068b915d7085dc597a6769e97ebbba083522e15c2ef5ea45c092c737a6bd3c6620d7313dd7ecdf8d0f9fb73da215e9668bbaecd01f604850987c0e40f0027df"
      },
      "env": {
        "server": "required",
        "client": "required"
      },
      "downloads": [
        "https://cdn.modrinth.com/data/P7dR8mSH/versions/0.28.5%2B1.15/fabric-api-0.28.5%2B1.15.jar"
      ],
      "fileSize": 686157
    },
    {
      "path": "mods/lazydfu-0.1.2.jar",
      "hashes": {
        "sha1": "2efec5781f1271bdcdae462eee402ccb97bff6fe",
        "sha512": "20b1cd3e62051c7d7498ecdc49912acb918fc4748d469c67c078cc97197289760e64b9339a4d4a03d175f648c8be8601d131776a9a6bdb8832cecdda6fc46498"
      },
      "env": {
        "client": "required",
        "server": "required"
      },
      "downloads": [
        "https://cdn.modrinth.com/data/hvFnDODi/versions/0.1.2/lazydfu-0.1.2.jar"
      ],
      "fileSize": 15517
    }
  ],
  "dependencies": {
    "fabric-loader": "0.16.10",
    "minecraft": "1.15.2"
  }
}