{
  "game": "minecraft",
  "formatVersion": 1,
  "versionId": "1.0.0",
  "name": "Photon",
  "summary": "",
  "files": [
    {
      "path": "mods/lithium-neoforge-0.14.7+mc1.21.4.jar",
      "hashes": {
        "sha1": "75c6b46db5378b53615cb32a486f5e5cf27166c4",
        "sha512": "9ac8f48c8d6755ca36956025db34da45177521a3d4a335a38cf3d93e411e89325ba387062e296215adf7e0c765281fa34153a3505fa063ff632426fca7765bf1"
      },
      "env": {
        "server": "required",
        "client": "required"
      },
      "downloads": [
        "https://cdn.modrinth.com/data/gvQqBUqZ/versions/OUCV8IgS/lithium-neoforge-0.14.7%2Bmc1.21.4.jar"
      ],
      "fileSize": 722514
    },
    {
      "path": "mods/BadOptimizations-2.2.1-1.21.2-21.4.jar",
      "hashes": {
        "sha1": "8bafe2a3ce1a3c6c48bb243dde3cbd9c5b510a01",
        "sha512": "c5ec3cf6bc621e867223584454f47fb8c6cbcefc961ba0ef7b7eb848dc287d0682b92677e1b965e2d1b481c451bfc9ebd7d0d3a8a644d05b7a9e1e417462fb64"
      },
      "env": {
        "server": "required",
        "client": "required"
      },
      "downloads": [
        "https://cdn.modrinth.com/data/g96Z4WVZ/versions/EPTfY6pQ/BadOptimizations-2.2.1-1.21.2-21.4.jar"
      ],
      "fileSize": 109756
    },
    {
      "path": "mods/moreculling-neoforge-1.21.4-1.2.3.jar",
      "hashes": {
        "sha1": "7a403f1516bac87adc0e3f7c2cc55c2de878038c",
        "sha512": "a238f4f40c9508aefb86ca606164551e99200058ab20d2a5225061b605cb9ee2a8d9492c564afe3e5bfba17ffaa9fe6d84e244287a1b7ee12ff36d3176d4105b"
      },
      "env": {
        "server": "required",
        "client": "required"
      },
      "downloads": [
        "https://cdn.modrinth.com/data/51shyZVL/versions/EW9AhQLb/moreculling-neoforge-1.21.4-1.2.3.jar"
      ],
      "fileSize": 338192
    },
    {
      "path": "mods/sodium-neoforge-0.6.6+mc1.21.4.jar",
      "hashes": {
        "sha1": "9e1ccb3b136cff0715004bbd418c66eb38bb8383",
        "sha512": "5677d011800d88c5259a2a3c82d0e90b5dec83a7505fc7502a68a2ff7f21834564f02764dc8813f910bd768bff253892cf54ce7d3300d6d0bbc8b592db829251"
      },
      "env": {
        "client": "required",
        "server": "required"
      },
      "downloads": [
        "https://cdn.modrinth.com/data/AANobbMI/versions/FI3Xu3s3/sodium-neoforge-0.6.6%2Bmc1.21.4.jar"
      ],
      "fileSize": 1150770
    },
    {
      "path": "mods/cloth-config-17.0.144-neoforge.jar",
      "hashes": {
        "sha512": "0e16e28cc181aa95bfc4e700affc2d3c95068958e144214620502ee1307fa239a92175a121f96ec16e6abface042f030987833a231a5b60bdb81d80cb669b2ca",
        "sha1": "af9a6e52015098fd3d97d996dafbb66bbe495691"
      },
      "env": {
        "server": "required",
        "client": "required"
      },
      "downloads": [
        "https://cdn.modrinth.com/data/9s6osm5g/versions/dWfheG9X/cloth-config-17.0.144-neoforge.jar"
      ],
      "fileSize": 1159457
    },
    {
      "path": "mods/ferritecore-7.1.0-neoforge.jar",
      "hashes": {
        "sha1": "712106e61e02f9d83d0977e487ccfe20d4e2dea9",
        "sha512": "68eff740cadf1e13f4e5b2685c26f96d83b31114ea4bf0674a540739fa071b777cfbb122b90fb7c9db5dcce8e4d3b999c53385c7f01394b45a3922d58c67e236"
      },
      "env": {
        "server": "required",
        "client": "required"
      },
      "downloads": [
        "https://cdn.modrinth.com/data/uXXizFIs/versions/HViHO2Oi/ferritecore-7.1.0-neoforge.jar"
      ],
      "fileSize": 105294
    },
    {
      "path": "mods/entityculling-neoforge-1.7.2-mc1.21.4.jar",
      "hashes": {
        "sha512": "c05ee25a63e1959b9ec308d02733ba082be2af24c33c4c3e9de422868122870f13135def07968bd459251bc58b1a38cea6590655ce9f84d5fff3aa4c0d9870a2",
        "sha1": "49628ae3987b7b6e56bcdf39f9a67ac282789650"
      },
      "env": {
        "client": "required",
        "server": "required"
      },
      "downloads": [
        "https://cdn.modrinth.com/data/NNAgCjsB/versions/vY2ZrSKE/entityculling-neoforge-1.7.2-mc1.21.4.jar"
      ],
      "fileSize": 70814
    },
    {
      "path": "mods/ImmediatelyFast-NeoForge-1.3.4+1.21.4.jar",
      "hashes": {
        "sha512": "11467e4cb5eebcb581cc05f9b6326992364eaf3c4d6d00191f3f87f02838aa4353ba5015f96772a4f333e80c8522ee9a5739255e849c3a67e9dc5797861b2721",
        "sha1": "e98b4a1af0e5706aadd0a65811b34529f95aa256"
      },
      "env": {
        "client": "required",
        "server": "required"
      },
      "downloads": [
        "https://cdn.modrinth.com/data/5ZwdcRci/versions/AYepA5yT/ImmediatelyFast-NeoForge-1.3.4%2B1.21.4.jar"
      ],
      "fileSize": 236541
    },
    {
      "path": "mods/noisium-neoforge-2.5.0+mc1.21.4.jar",
      "hashes": {
        "sha512": "c54ebd29b21936b660ac32a2fbe174e6f3c7ea855054de016581754ae5afd968ecd67bd49fd23b70ce84b38e28b1ed82fc32d292712769e47be48684254f62ba",
        "sha1": "2addd16c4f9633b194afa4f11b25a130c6748054"
      },
      "env": {
        "server": "required",
        "client": "required"
      },
      "downloads": [
        "https://cdn.modrinth.com/data/KuNKN7d2/versions/5JoGTWve/noisium-neoforge-2.5.0%2Bmc1.21.4.jar"
      ],
      "fileSize": 60199
    },
    {
      "path": "mods/modernfix-neoforge-5.20.2+mc1.21.4.jar",
      "hashes": {
        "sha1": "1d6da9a46a02a77b57d79b26a9b0f496134c3249",
        "sha512": "524671cfe41ca6937b98de5ab27fe3289a8568d273fefa8ff4e98d454429b5d14f593265c355490c85562d55e727eb03f607949b98b9de935b0dc01588a05e7d"
      },
      "env": {
        "server": "required",
        "client": "required"
      },
      "downloads": [
        "https://cdn.modrinth.com/data/nmDcB62a/versions/CAmPOdHE/modernfix-neoforge-5.20.2%2Bmc1.21.4.jar"
      ],
      "fileSize": 468141
    }
  ],
  "dependencies": {
    "minecraft": "1.21.4",
    "neoforge": "21.4.76-beta"
  }
}