{
  "font_atlas_resizing": true,
  "map_atlas_generation": true,
  "hud_batching": true,
  "fast_text_lookup": true,
  "fast_buffer_upload": true,
  "fast_buffer_upload_size_mb": 128,
  "fast_buffer_upload_explicit_flush": true,
  "dont_add_info_into_debug_hud": false,
  "experimental_disable_error_checking": false,
  "experimental_disable_resource_pack_conflict_handling": false,
  "experimental_screen_batching": false,
  "debug_only_and_not_recommended_disable_universal_batching": false,
  "debug_only_and_not_recommended_disable_mod_conflict_handling": false,
  "debug_only_and_not_recommended_disable_hardware_conflict_handling": false,
  "debug_only_print_additional_error_information": false,
  "debug_only_use_last_usage_for_batch_ordering": false
}