{
  "game": "minecraft",
  "formatVersion": 1,
  "versionId": "1.0.0",
  "name": "Photon",
  "summary": "",
  "files": [
    {
      "path": "mods/entityculling-fabric-1.7.2-mc1.20.1.jar",
      "hashes": {
        "sha512": "27aa520f2e5ee881ce95f4925f7a0acea530555b1c5e312a05e961cbd3f874ffe88db26b2b072c6698c0ea469b4944f6451e388f69fbf6c5efb4866a18aa6ef3",
        "sha1": "8c1805e5202a09cb1aa765bf5c77fdfaab76dd49"
      },
      "env": {
        "client": "required",
        "server": "required"
      },
      "downloads": [
        "https://cdn.modrinth.com/data/NNAgCjsB/versions/naHGCw23/entityculling-fabric-1.7.2-mc1.20.1.jar"
      ],
      "fileSize": 68941
    },
    {
      "path": "mods/indium-1.0.34+mc1.20.1.jar",
      "hashes": {
        "sha512": "15bb1be71ee8c0455804d38b0e735ce1cd72b6a65ce78199b227dd4806a7726fd5fcf44ea60b382b5d97546c693d289c64f7ef872701ee1ddf1ddab14f2cee74",
        "sha1": "a2de9ba15f155b09626995ad58b0e23803b05fe6"
      },
      "env": {
        "client": "required",
        "server": "required"
      },
      "downloads": [
        "https://cdn.modrinth.com/data/Orvt0mRa/versions/gofbpynL/indium-1.0.34%2Bmc1.20.1.jar"
      ],
      "fileSize": 105359
    },
    {
      "path": "mods/ImmediatelyFast-Fabric-1.3.4+1.20.4.jar",
      "hashes": {
        "sha512": "ecd5b9a962c06edb8a69dae93a7d98bc2aa101d8ed3dbfded786e2186d9d5c9b1ec55a36a998543c3da6580939cfa2761361f7b86e9657bb8a10a8cfa9f325d0",
        "sha1": "3e6d6d9a2bccc612fa2931ec7c6ced954a205e35"
      },
      "env": {
        "client": "required",
        "server": "required"
      },
      "downloads": [
        "https://cdn.modrinth.com/data/5ZwdcRci/versions/Oub8JunR/ImmediatelyFast-Fabric-1.3.4%2B1.20.4.jar"
      ],
      "fileSize": 243041
    },
    {
      "path": "mods/ferritecore-6.0.1-fabric.jar",
      "hashes": {
        "sha512": "9b7dc686bfa7937815d88c7bbc6908857cd6646b05e7a96ddbdcada328a385bd4ba056532cd1d7df9d2d7f4265fd48bd49ff683f217f6d4e817177b87f6bc457",
        "sha1": "8fa3b84fc5860dbc30fdf8cced02af68dffcf3fa"
      },
      "env": {
        "client": "required",
        "server": "required"
      },
      "downloads": [
        "https://cdn.modrinth.com/data/uXXizFIs/versions/unerR5MN/ferritecore-6.0.1-fabric.jar"
      ],
      "fileSize": 125197
    },
    {
      "path": "mods/lithium-fabric-mc1.20.1-0.11.3.jar",
      "hashes": {
        "sha512": "dc9bc65146f41cf99c46b46216dd3645be7c45cfeb2bc7cdceaa11bcd57771cdf2c30e84ce057f12b8dbf0d54fb808143cf46d92626370011ba5112bec18e720",
        "sha1": "7dc706d892b4c7cff0f7648e6b6256a64c3abec2"
      },
      "env": {
        "server": "required",
        "client": "required"
      },
      "downloads": [
        "https://cdn.modrinth.com/data/gvQqBUqZ/versions/vuuAe7ZA/lithium-fabric-mc1.20.1-0.11.3.jar"
      ],
      "fileSize": 706600
    },
    {
      "path": "mods/enhancedblockentities-0.9+1.20.jar",
      "hashes": {
        "sha512": "7e8b402fd25efd396bc7f0f25a663808ae9890accc227850c454dfcdc975657f22afceb15878e781485622434a6f6d60aff2a60264aa4425edd52ebe052a0de5",
        "sha1": "61cfe50f69f8ef9e3640c0269ef158870f5b0410"
      },
      "env": {
        "client": "required",
        "server": "required"
      },
      "downloads": [
        "https://cdn.modrinth.com/data/OVuFYfre/versions/i3v1Skck/enhancedblockentities-0.9%2B1.20.jar"
      ],
      "fileSize": 490690
    },
    {
      "path": "mods/BadOptimizations-2.2.1-1.20.1.jar",
      "hashes": {
        "sha512": "5cb3a2cfe8c84f40ceb506e32c4ef9b8a4e560f7583a54adf7a402121cb285b37aae417d3c94314264a615b4fda0c8b974be115a1c18d783d80537acbc14b736",
        "sha1": "5f7a3dcc4ecb52a028ea4ee2010f81465544319e"
      },
      "env": {
        "client": "required",
        "server": "required"
      },
      "downloads": [
        "https://cdn.modrinth.com/data/g96Z4WVZ/versions/M0bM4C3I/BadOptimizations-2.2.1-1.20.1.jar"
      ],
      "fileSize": 439771
    },
    {
      "path": "mods/c2me-fabric-mc1.20.1-0.2.0+alpha.11.15.jar",
      "hashes": {
        "sha1": "b6feb36e96ba332c5fb16a19edd357ad3a155261",
        "sha512": "6afc54219d45362e5bb42f75614246300ad17fc7fc0d7b2528b43e5b809a7f77cdf3b4efdbdc57b84bb23fe8f31bed7eccfc091c6d3bef6b606f56d6e8a68ee5"
      },
      "env": {
        "client": "required",
        "server": "required"
      },
      "downloads": [
        "https://cdn.modrinth.com/data/VSNURh3q/versions/jKWjDDXr/c2me-fabric-mc1.20.1-0.2.0%2Balpha.11.15.jar"
      ],
      "fileSize": 1424731
    },
    {
      "path": "mods/sodium-fabric-0.5.11+mc1.20.1.jar",
      "hashes": {
        "sha512": "628129702e830fe88d79f0b87ef0591b708fb39045ce3d985703d6a3a78c30c9beb518df8e70151e55ca6c82d9274fea904c016f60085d889a4f7ac431cccd9e",
        "sha1": "c4293c1483f3b39c1c6c4c69143e8bb2c6e53daf"
      },
      "env": {
        "client": "required",
        "server": "required"
      },
      "downloads": [
        "https://cdn.modrinth.com/data/AANobbMI/versions/ygf8cVZg/sodium-fabric-0.5.11%2Bmc1.20.1.jar"
      ],
      "fileSize": 968419
    },
    {
      "path": "mods/cloth-config-11.1.136-fabric.jar",
      "hashes": {
        "sha1": "d5fe84a0cc9ed5c7290a76ba570e1f8716afecab",
        "sha512": "2da85c071c854223cc30c8e46794391b77e53f28ecdbbde59dc83b3dbbdfc74be9e68da9ed464e7f98b4361033899ba4f681ebff1f35edc2c60e599a59796f1c"
      },
      "env": {
        "client": "required",
        "server": "required"
      },
      "downloads": [
        "https://cdn.modrinth.com/data/9s6osm5g/versions/2xQdCMyG/cloth-config-11.1.136-fabric.jar"
      ],
      "fileSize": 1172214
    },
    {
      "path": "mods/moreculling-1.20.4-0.24.0.jar",
      "hashes": {
        "sha1": "a40f2aa346140a4fee2079d845c62ee87454bdb6",
        "sha512": "3a8accedfa48ce86b4091ce7994d63b2c7d1f6654119a5dc8430bd7370084bf04801c71600bb2b1546a58aef972797048f86eebbff2a666905a86c2b1cf7632e"
      },
      "env": {
        "server": "required",
        "client": "required"
      },
      "downloads": [
        "https://cdn.modrinth.com/data/51shyZVL/versions/3m5znPWm/moreculling-1.20.4-0.24.0.jar"
      ],
      "fileSize": 272851
    },
    {
      "path": "mods/qfapi-7.7.0_qsl-6.3.0_fapi-0.92.2_mc-1.20.1.jar",
      "hashes": {
        "sha512": "d7bb384b961088ae6fe1e0baef9895cd495a515d8337664bb534c36ae17e48188fc1c50cd9a06e3e53898870ada73e737f63853adf43e744fee11a64bad1059a",
        "sha1": "fa2868388b175e32e4d3310a5bf065593837bc5c"
      },
      "env": {
        "client": "required",
        "server": "required"
      },
      "downloads": [
        "https://cdn.modrinth.com/data/qvIfYCYJ/versions/s8dfz9Xa/qfapi-7.7.0_qsl-6.3.0_fapi-0.92.2_mc-1.20.1.jar"
      ],
      "fileSize": 2755789
    },
    {
      "path": "mods/modernfix-fabric-5.20.2+mc1.20.1.jar",
      "hashes": {
        "sha1": "ffe21e6ed0303d23dc8f9e8a3d95a3546d53edca",
        "sha512": "a42dd4cbaef180f871f066d18b7ee9c5f99a2160bb6e0635b1a4531a48e32589a95ddebc89a546869a89c8ba9dc8d036f20640eebdcc30aa6b6eacab9c175caf"
      },
      "env": {
        "server": "required",
        "client": "required"
      },
      "downloads": [
        "https://cdn.modrinth.com/data/nmDcB62a/versions/LwBOyIOY/modernfix-fabric-5.20.2%2Bmc1.20.1.jar"
      ],
      "fileSize": 506056
    },
    {
      "path": "mods/noisium-fabric-2.3.0+mc1.20-1.20.1.jar",
      "hashes": {
        "sha1": "be85535cf1efe82bd8c41bcf851becaad498a598",
        "sha512": "f0abcdac514bd2b4eb6af3529eeb9980a6fef534d31244879acb291a9943151aeb34f372bf98ae01f6191870bf95e1c0bc36d522433353a1090b96e7ac03c417"
      },
      "env": {
        "client": "required",
        "server": "required"
      },
      "downloads": [
        "https://cdn.modrinth.com/data/KuNKN7d2/versions/erSJnRcq/noisium-fabric-2.3.0%2Bmc1.20-1.20.1.jar"
      ],
      "fileSize": 214902
    }
  ],
  "dependencies": {
    "quilt-loader": "0.28.0-beta.6",
    "minecraft": "1.20.1"
  }
}