{
  "game": "minecraft",
  "formatVersion": 1,
  "versionId": "1.0.2",
  "name": "Photon",
  "summary": "",
  "files": [
    {
      "path": "mods/!Red-Core-MC-1.8-1.12-0.6.jar",
      "hashes": {
        "sha512": "5816b5afc3e0ff0b9df5ccfd99375d165eb16f40806c2bd65a378022f4bca8fc2022ce26ebb5ac4e2aecb8ef2634043af9764527fd0031e2543da4b079e7f8a7",
        "sha1": "ac72ee1e7777a3f20ace120c301fde68a3dfea23"
      },
      "env": {
        "client": "required",
        "server": "required"
      },
      "downloads": [
        "https://cdn.modrinth.com/data/iRzbJEus/versions/SWvZZBIP/%21Red-Core-MC-1.8-1.12-0.6.jar"
      ],
      "fileSize": 151154
    },
    {
      "path": "mods/fermiumasm-5.23.jar",
      "hashes": {
        "sha1": "84b04c6a03be97fea2db39a202bc746af6abcd46",
        "sha512": "01c6f48300766e8c3569cc16e2d9e12757c321be2aa756e5cdb98c6258109c1a864ae1705318ab85069280968d193518a3a79b55280363225dd809ab66961a8f"
      },
      "env": {
        "client": "required",
        "server": "required"
      },
      "downloads": [
        "https://cdn.modrinth.com/data/LnSdxRsG/versions/ImR6ZvRq/fermiumasm-5.23.jar"
      ],
      "fileSize": 517326
    },
    {
      "path": "mods/Born In A Barn 1.8-1.12-1.2.jar",
      "hashes": {
        "sha512": "aaadf3b97ceb905ed21fd495d5176cab38795f73f137b5b00e8d5b42edaf20d247c8d20fa0a0136031e173d4f67f285477a5cfda025d4d8f847530359ed2d682",
        "sha1": "2a19c174eb4989d7ca33e6fcc543f44158ae8949"
      },
      "env": {
        "server": "required",
        "client": "required"
      },
      "downloads": [
        "https://cdn.modrinth.com/data/WfPGKC8F/versions/40q9Yeit/Born%20In%20A%20Barn%201.8-1.12-1.2.jar"
      ],
      "fileSize": 4847
    },
    {
      "path": "mods/_MixinBootstrap-1.1.0.jar",
      "hashes": {
        "sha512": "973aeff50dd8e1976895d36917e3f06334dc70800dfbd12639e522fb2b71e130db3865fd67d494e2d13e2ca67efe76ecfc3ee60d138e880dc884ac9f82c35eb8",
        "sha1": "f9173708d3d2850ab8df778b9594b81cb94b1df8"
      },
      "env": {
        "client": "required",
        "server": "required"
      },
      "downloads": [
        "https://cdn.modrinth.com/data/6a16628x/versions/hOGSWOX8/_MixinBootstrap-1.1.0.jar"
      ],
      "fileSize": 1119478
    },
    {
      "path": "mods/!mixinbooter-10.5.jar",
      "hashes": {
        "sha512": "981276a5a40cd0197adabf01da70cc2cb17bc387e71064fbce7a5c94e49fd73bf4c4be17dc64b1206444d5ec9a54f2b604fce7721ef0aa76636ea3b4daa569d5",
        "sha1": "b54a69ed72273227d94c419d3b040ace7e0e0c68"
      },
      "env": {
        "client": "required",
        "server": "required"
      },
      "downloads": [
        "https://cdn.modrinth.com/data/G1ckZuWK/versions/UGyawBq4/%21mixinbooter-10.5.jar"
      ],
      "fileSize": 2380953
    },
    {
      "path": "mods/entityculling-1.12.2-1.6.3.jar",
      "hashes": {
        "sha512": "97c4def2a2979a0ba61c0fb016762756cf8361cdff651558dbb91cbe3d8627c388436d31ec2b93ff62df99a7ff589033184db4e6f298f4b8fdd4acf4c83ba202",
        "sha1": "fb22f03b297ca7b1bb7c6d5948e46c12e0a24446"
      },
      "env": {
        "server": "required",
        "client": "required"
      },
      "downloads": [
        "https://cdn.modrinth.com/data/NNAgCjsB/versions/knltv3Vh/entityculling-1.12.2-1.6.3.jar"
      ],
      "fileSize": 41478
    },
    {
      "path": "mods/vintagefix-0.5.4.jar",
      "hashes": {
        "sha1": "87c66bc2b3ee25768ace0c114314bb71f1e5bf55",
        "sha512": "5a1f17f12fb464c9a80b01dd52a7c7cc3c2116573dde4aa25c9ea11096f5fe46153e968a6662676563c57a2c7b6f4fae5398e2d1b0d22f30f2d603019fc73917"
      },
      "env": {
        "client": "required",
        "server": "required"
      },
      "downloads": [
        "https://cdn.modrinth.com/data/e6vNsbAm/versions/b1knA3uq/vintagefix-0.5.4.jar"
      ],
      "fileSize": 1023840
    },
    {
      "path": "mods/`FermiumBooter-1.1.1.jar",
      "hashes": {
        "sha1": "c62eb3446c827f02c9f3130fbb37991cea616fb9",
        "sha512": "ef511fcd34c3dd6939f07f0fffe6c9f175a2a140dd7243e1831a30ce7e75e434b42498382a4f467fe55f7fea352548e1d826dd5930ce8091aad2320ac514d48d"
      },
      "env": {
        "server": "required",
        "client": "required"
      },
      "downloads": [
        "https://cdn.modrinth.com/data/e00stJKZ/versions/fMrLStT2/%60FermiumBooter-1.1.1.jar"
      ],
      "fileSize": 1271186
    },
    {
      "path": "mods/particleculling-1.12.2-v1.4.3.jar",
      "hashes": {
        "sha1": "2c4847ca6c7cf1d41ff320943394ff61028c7e72",
        "sha512": "127870b83a0124988e127a43b952d994cae781d2cbf6885ec0c4daa27ec16a72a33e5bdc30f7f2cf7f962ed9ff2a4dbdd86ffcd6a4a5ed731b74523f4fa10f5d"
      },
      "env": {
        "server": "required",
        "client": "required"
      },
      "downloads": [
        "https://cdn.modrinth.com/data/l7imhLoC/versions/kwzcEeSC/particleculling-1.12.2-v1.4.3.jar"
      ],
      "fileSize": 17450
    },
    {
      "path": "mods/Alfheim-1.5.jar",
      "hashes": {
        "sha512": "60decf990944a3a9c17a93429955f5eff6f02a5aa145fe57399d7b6fa7e8801350ba99b374bd44a5809e20081355601ea550e09f2f8c26a4b63e3aec12e16729",
        "sha1": "96d30414e0ff79cbf4144ac2771617e3a120506e"
      },
      "env": {
        "client": "required",
        "server": "required"
      },
      "downloads": [
        "https://cdn.modrinth.com/data/srzJgOEn/versions/3WwOBT2W/Alfheim-1.5.jar"
      ],
      "fileSize": 70045
    }
  ],
  "dependencies": {
    "forge": "14.23.5.2860",
    "minecraft": "1.12.2"
  }
}