{
  "game": "minecraft",
  "formatVersion": 1,
  "versionId": "1.0.0",
  "name": "Photon",
  "summary": "",
  "files": [
    {
      "path": "mods/saturn-mc1.20.1-0.1.3.jar",
      "hashes": {
        "sha1": "ad93f99d46714c46aaa6a4409aeca506e9fcac99",
        "sha512": "8b4b9a69e7b55df8148e83a6d17ef381b9c412d8730d0068974bd48bbdae1a1a43837a5307471bc5dd2b41d3aa821d73c8683a3f480a9d987b2cf0969aa178cc"
      },
      "env": {
        "client": "required",
        "server": "required"
      },
      "downloads": [
        "https://cdn.modrinth.com/data/2eT495vq/versions/Yx85DYaG/saturn-mc1.20.1-0.1.3.jar"
      ],
      "fileSize": 92319
    },
    {
      "path": "mods/noisium-forge-2.3.0+mc1.20-1.20.1.jar",
      "hashes": {
        "sha1": "7da1cdf00c0ae5cad31e17f765f6ea021c8ac808",
        "sha512": "5bc43bc1b748edcd63d074a8bb14d393d986c51e1933e1f38cd7a2dd2fd70dba5a46a6415f46d4a52c68e7e1e9ce101e54376ad04273df958608e2fdb43db502"
      },
      "env": {
        "server": "required",
        "client": "required"
      },
      "downloads": [
        "https://cdn.modrinth.com/data/KuNKN7d2/versions/gbYUKrDP/noisium-forge-2.3.0%2Bmc1.20-1.20.1.jar"
      ],
      "fileSize": 218152
    },
    {
      "path": "mods/radium-mc1.20.1-0.12.4+git.26c9d8e.jar",
      "hashes": {
        "sha1": "f5f5f792473bb7b85ec221f75c5afb3740afb13a",
        "sha512": "7b59c491d72801257c740626faab8c14ed580db28493c474147341531bca3de5ea822d4042d3786ae619449b6f6ffc1001a1cdc1b9276ec900e57ab17dd8989a"
      },
      "env": {
        "server": "required",
        "client": "required"
      },
      "downloads": [
        "https://cdn.modrinth.com/data/2gvRmQXx/versions/n947JjJH/radium-mc1.20.1-0.12.4%2Bgit.26c9d8e.jar"
      ],
      "fileSize": 713454
    },
    {
      "path": "mods/entityculling-forge-1.7.2-mc1.20.1.jar",
      "hashes": {
        "sha1": "fafd5e44573df4b7842243fcfcb05dfbd85ad5e5",
        "sha512": "547ecae13eb982c2c43c2f107fccede69b2edd33a3005296fd880122760f569c98e42a3abb7d69526ebe79efb6846bad38ee8a1bb7e8afa62e18e5e052029647"
      },
      "env": {
        "server": "required",
        "client": "required"
      },
      "downloads": [
        "https://cdn.modrinth.com/data/NNAgCjsB/versions/yyU9Ifp0/entityculling-forge-1.7.2-mc1.20.1.jar"
      ],
      "fileSize": 73584
    },
    {
      "path": "mods/ferritecore-6.0.1-forge.jar",
      "hashes": {
        "sha512": "a1960a7c03dc32d4ccaccaf28afdd9b078758bbd62d15a91d4039a83fa9397a098e89b69591f6bd5190254d9ee97e502504154b9aec764adb8c65f000b75ba2c",
        "sha1": "417fb6ce8f52abf40bd9d0390371790f9576f8ba"
      },
      "env": {
        "server": "required",
        "client": "required"
      },
      "downloads": [
        "https://cdn.modrinth.com/data/uXXizFIs/versions/DG5Fn9Sz/ferritecore-6.0.1-forge.jar"
      ],
      "fileSize": 123034
    },
    {
      "path": "mods/modernfix-forge-5.20.2+mc1.20.1.jar",
      "hashes": {
        "sha1": "23d49f71d56de4fdb8ec046507a42c48594daadb",
        "sha512": "e34badc237b2ef3e763d0d45a8a0d0c9f361e6b87ce02ccc92bd978855736713ace08069d7f3f78331b109f86dfa824a76329fed1affa9b2c63c195112b03c13"
      },
      "env": {
        "server": "required",
        "client": "required"
      },
      "downloads": [
        "https://cdn.modrinth.com/data/nmDcB62a/versions/LmgaF8pW/modernfix-forge-5.20.2%2Bmc1.20.1.jar"
      ],
      "fileSize": 821631
    },
    {
      "path": "mods/embeddium-0.3.31+mc1.20.1.jar",
      "hashes": {
        "sha512": "ffbf2da4685260a4d5c14c621708bd20722563f084f042d3dfb0a7b87f048e39299648c854a93939129da0d23a15a91ec628560d601e76074b08e275f6e132e9",
        "sha1": "bb2fa8f3e493af16af9160d049f96c614a1faf2f"
      },
      "env": {
        "client": "required",
        "server": "required"
      },
      "downloads": [
        "https://cdn.modrinth.com/data/sk9rgfiA/versions/UTbfe5d1/embeddium-0.3.31%2Bmc1.20.1.jar"
      ],
      "fileSize": 1320675
    },
    {
      "path": "mods/ImmediatelyFast-Forge-1.3.4+1.20.4.jar",
      "hashes": {
        "sha512": "d49bd8c7b1dc722c8370291144ce277e2e1680e3f8efc1ac3e6fcdb4758fc0e5d1858a6cfe76aa3e465a92008d82c49c72ec56b5337be83d6c21cf9dc7c79e39",
        "sha1": "b9304ba321c3c841043773c5cc91c90dcc8eb2c1"
      },
      "env": {
        "client": "required",
        "server": "required"
      },
      "downloads": [
        "https://cdn.modrinth.com/data/5ZwdcRci/versions/oFstJPTE/ImmediatelyFast-Forge-1.3.4%2B1.20.4.jar"
      ],
      "fileSize": 449313
    },
    {
      "path": "mods/BadOptimizations-2.2.1-1.20.1.jar",
      "hashes": {
        "sha512": "5cb3a2cfe8c84f40ceb506e32c4ef9b8a4e560f7583a54adf7a402121cb285b37aae417d3c94314264a615b4fda0c8b974be115a1c18d783d80537acbc14b736",
        "sha1": "5f7a3dcc4ecb52a028ea4ee2010f81465544319e"
      },
      "env": {
        "server": "required",
        "client": "required"
      },
      "downloads": [
        "https://cdn.modrinth.com/data/g96Z4WVZ/versions/M0bM4C3I/BadOptimizations-2.2.1-1.20.1.jar"
      ],
      "fileSize": 439771
    }
  ],
  "dependencies": {
    "minecraft": "1.20.1",
    "forge": "47.3.25"
  }
}